{"cameraMode":{"drawMode":0,"name":"Shaded","section":"Shading Mode"},"sceneLighting":false,"audioPlay":false,"sceneViewState":{"m_AlwaysRefresh":false,"showFog":true,"showSkybox":true,"showFlares":true,"showImageEffects":true,"showParticleSystems":true,"showVisualEffectGraphs":true,"m_FxEnabled":true},"in2DMode":false,"pivot":{"x":23.395170211791993,"y":1.960076093673706,"z":2.2143630981445314},"rotation":{"x":-0.011660300195217133,"y":0.6935304999351502,"z":0.011231870390474797,"w":0.7202566862106323},"size":22.342103958129884,"orthographic":false}