{"cameraMode":{"drawMode":0,"name":"Shaded","section":"Shading Mode"},"sceneLighting":false,"audioPlay":false,"sceneViewState":{"m_AlwaysRefresh":false,"showFog":true,"showSkybox":true,"showFlares":true,"showImageEffects":true,"showParticleSystems":true,"showVisualEffectGraphs":true,"m_FxEnabled":true},"in2DMode":false,"pivot":{"x":-0.0776209831237793,"y":2.7977185249328615,"z":3.338953971862793},"rotation":{"x":-0.044023945927619937,"y":0.7002389430999756,"z":-0.04333101585507393,"w":-0.7112494707107544},"size":7.238228797912598,"orthographic":false}